{"stats":{"minecraft:custom":{"minecraft:jump":126,"minecraft:leave_game":1,"minecraft:time_since_rest":16637,"minecraft:crouch_one_cm":188,"minecraft:play_one_minute":19398,"minecraft:deaths":1,"minecraft:sprint_one_cm":9621,"minecraft:damage_taken":240,"minecraft:time_since_death":16599,"minecraft:walk_one_cm":16362,"minecraft:sneak_time":69,"minecraft:drop":1,"minecraft:fall_one_cm":3570,"minecraft:fly_one_cm":17448},"minecraft:used":{"createaddition:rolling_mill":3},"minecraft:picked_up":{"theoneprobe:probenote":1,"enigmaticlegacy:enigmatic_amulet":1,"createaddition:rolling_mill":64,"enigmaticlegacy:cursed_ring":1,"calemiutils:wallet":1,"iceandfire:silver_sword":2,"minecraft:diamond_hoe":2},"minecraft:dropped":{"createaddition:furnace_burner":1}},"DataVersion":2586}