{
  "botania:recipes/botania/alfheim_portal": {
    "criteria": {
      "has_item": "2021-12-20 00:10:28 +0300"
    },
    "done": true
  },
  "minecraft:recipes/building_blocks/black_stained_glass": {
    "criteria": {
      "has_glass": "2021-12-20 00:50:15 +0300"
    },
    "done": true
  },
  "sophisticatedbackpacks:recipes/sophisticatedbackpacks/magnet_upgrade": {
    "criteria": {
      "has_pickup_upgrade": "2021-12-19 22:29:28 +0300"
    },
    "done": true
  },
  "minecraft:recipes/building_blocks/magenta_concrete_powder": {
    "criteria": {
      "has_sand": "2021-12-14 20:44:10 +0300"
    },
    "done": true
  },
  "create:recipes/create.palettes/horizontal_framed_glass_from_glass_colorless_stonecutting": {
    "criteria": {
      "has_glass_colorless": "2021-12-20 00:50:15 +0300"
    },
    "done": true
  },
  "enigmaticlegacy:recipes/generic/magnet_ring": {
    "criteria": {
      "has_parent_recipe": "2021-12-17 00:19:58 +0300"
    },
    "done": false
  },
  "minecraft:recipes/combat/iron_sword": {
    "criteria": {
      "has_iron_ingot": "2021-12-20 01:28:09 +0300"
    },
    "done": true
  },
  "create:blaze_cake": {
    "criteria": {
      "0": "2021-12-20 16:04:02 +0300"
    },
    "done": true
  },
  "minecraft:recipes/misc/writable_book": {
    "criteria": {
      "has_book": "2021-12-17 00:19:25 +0300"
    },
    "done": true
  },
  "botania:recipes/botania/terrasteel_helmet": {
    "criteria": {
      "has_item": "2021-12-20 00:10:28 +0300"
    },
    "done": true
  },
  "evilcraft:evil_source": {
    "criteria": {
      "criteria_0": "2021-12-20 01:41:26 +0300"
    },
    "done": true
  },
  "biomesoplenty:recipes/transportation/willow_boat": {
    "criteria": {
      "in_water": "2021-12-14 20:30:30 +0300"
    },
    "done": true
  },
  "create:recipes/create.base/crafting/logistics/powered_latch": {
    "criteria": {
      "has_item": "2021-12-19 23:08:57 +0300"
    },
    "done": true
  },
  "minecraft:recipes/building_blocks/lime_concrete_powder": {
    "criteria": {
      "has_sand": "2021-12-14 20:44:11 +0300"
    },
    "done": true
  },
  "betterendforge:recipes/betterendforge/iron_chandelier": {
    "criteria": {
      "has_iron_ingot": "2021-12-20 01:28:09 +0300"
    },
    "done": true
  },
  "minecraft:recipes/building_blocks/gray_stained_glass": {
    "criteria": {
      "has_glass": "2021-12-20 00:50:15 +0300"
    },
    "done": true
  },
  "minecraft:recipes/tools/iron_pickaxe": {
    "criteria": {
      "has_iron_ingot": "2021-12-20 01:28:09 +0300"
    },
    "done": true
  },
  "minecraft:recipes/building_blocks/yellow_concrete_powder": {
    "criteria": {
      "has_sand": "2021-12-14 20:44:10 +0300"
    },
    "done": true
  },
  "minecraft:recipes/decorations/campfire": {
    "criteria": {
      "has_stick": "2021-12-20 00:06:06 +0300"
    },
    "done": true
  },
  "botania:main/brew_pickup": {
    "criteria": {
      "vial": "2021-12-17 00:19:58 +0300"
    },
    "done": true
  },
  "minecraft:recipes/building_blocks/purple_stained_glass": {
    "criteria": {
      "has_glass": "2021-12-20 00:50:15 +0300"
    },
    "done": true
  },
  "sophisticatedbackpacks:recipes/sophisticatedbackpacks/advanced_compacting_upgrade": {
    "criteria": {
      "has_compacting_upgrade": "2021-12-19 22:29:28 +0300"
    },
    "done": true
  },
  "enigmaticlegacy:recipes/generic/the_acknowledgment": {
    "criteria": {
      "has_iron_ingot": "2021-12-14 20:29:59 +0300"
    },
    "done": true
  },
  "biomesoplenty:recipes/transportation/mahogany_boat": {
    "criteria": {
      "in_water": "2021-12-14 20:30:30 +0300"
    },
    "done": true
  },
  "evilcraft:fart": {
    "criteria": {
      "criteria_0": "2021-12-14 21:11:13 +0300"
    },
    "done": true
  },
  "sophisticatedbackpacks:recipes/sophisticatedbackpacks/gold_backpack": {
    "criteria": {
      "has_iron_backpack": "2021-12-16 23:56:58 +0300"
    },
    "done": true
  },
  "iceandfire:iceandfire/root": {
    "criteria": {
      "tick": "2021-12-14 20:29:59 +0300"
    },
    "done": true
  },
  "minecraft:recipes/decorations/ladder": {
    "criteria": {
      "has_stick": "2021-12-20 00:06:06 +0300"
    },
    "done": true
  },
  "enigmaticlegacy:recipes/generic/iron_ring": {
    "criteria": {
      "has_recipe_result": "2021-12-17 00:19:58 +0300"
    },
    "done": true
  },
  "minecraft:recipes/misc/iron_nugget": {
    "criteria": {
      "has_iron_ingot": "2021-12-20 01:28:09 +0300"
    },
    "done": true
  },
  "minecraft:recipes/decorations/chest": {
    "criteria": {
      "has_lots_of_items": "2021-12-16 23:57:50 +0300"
    },
    "done": true
  },
  "enigmaticlegacy:book/misc/animal_guide": {
    "criteria": {
      "has_the_recipe": "2021-12-17 00:19:25 +0300"
    },
    "done": true
  },
  "minecraft:recipes/building_blocks/brown_concrete_powder": {
    "criteria": {
      "has_sand": "2021-12-14 20:44:10 +0300"
    },
    "done": true
  },
  "repurposed_structures:witch_huts": {
    "criteria": {
      "in_witch_hut_taiga": "2021-12-14 21:08:53 +0300"
    },
    "done": false
  },
  "minecraft:recipes/tools/wooden_shovel": {
    "criteria": {
      "has_stick": "2021-12-20 00:06:06 +0300"
    },
    "done": true
  },
  "tconstruct:recipes/tconstruct/gadgets/gadgets/slimeboots/earth": {
    "criteria": {
      "has_item": "2021-12-19 23:09:02 +0300"
    },
    "done": true
  },
  "betterendforge:recipes/betterendforge/thallasium_pickaxe_smithing": {
    "criteria": {
      "has_stick": "2021-12-20 00:06:06 +0300"
    },
    "done": true
  },
  "appliedenergistics2:recipes/appliedenergistics2/shaped/slabs/sky_stone_block": {
    "criteria": {
      "has_sky_stone_block": "2021-12-20 16:57:25 +0300"
    },
    "done": true
  },
  "minecraft:recipes/building_blocks/blue_stained_glass": {
    "criteria": {
      "has_glass": "2021-12-20 00:50:15 +0300"
    },
    "done": true
  },
  "botania:recipes/botania/redstone_root": {
    "criteria": {
      "has_item": "2021-12-19 23:08:57 +0300"
    },
    "done": true
  },
  "biomesoplenty:recipes/transportation/dead_boat": {
    "criteria": {
      "in_water": "2021-12-14 20:30:30 +0300"
    },
    "done": true
  },
  "minecraft:recipes/tools/shears": {
    "criteria": {
      "has_iron_ingot": "2021-12-20 01:28:09 +0300"
    },
    "done": true
  },
  "minecraft:recipes/misc/white_dye": {
    "criteria": {
      "has_bone_meal": "2021-12-20 02:03:22 +0300"
    },
    "done": true
  },
  "sophisticatedbackpacks:recipes/sophisticatedbackpacks/smelting_upgrade": {
    "criteria": {
      "has_upgrade_base": "2021-12-19 22:29:27 +0300"
    },
    "done": true
  },
  "betterendforge:recipes/betterendforge/terminite_hammer_smithing": {
    "criteria": {
      "has_stick": "2021-12-20 00:06:06 +0300"
    },
    "done": true
  },
  "appliedenergistics2:main/crafting_cpu": {
    "criteria": {
      "c1k": "2021-12-20 16:11:47 +0300"
    },
    "done": true
  },
  "sophisticatedbackpacks:recipes/sophisticatedbackpacks/advanced_magnet_upgrade_from_basic": {
    "criteria": {
      "has_magnet_upgrade": "2021-12-19 22:29:28 +0300"
    },
    "done": true
  },
  "betterendforge:recipes/betterendforge/iron_hammer": {
    "criteria": {
      "has_iron_ingot": "2021-12-20 01:28:09 +0300"
    },
    "done": true
  },
  "appliedenergistics2:recipes/appliedenergistics2/block_cutter/stairs/sky_stone_stairs": {
    "criteria": {
      "has_sky_stone_block": "2021-12-20 16:57:25 +0300"
    },
    "done": true
  },
  "minecraft:recipes/transportation/spruce_boat": {
    "criteria": {
      "in_water": "2021-12-14 20:30:30 +0300"
    },
    "done": true
  },
  "create:blaze_burner": {
    "criteria": {
      "0": "2021-12-20 16:04:01 +0300"
    },
    "done": true
  },
  "minecraft:recipes/tools/flint_and_steel": {
    "criteria": {
      "has_obsidian": "2021-12-17 00:04:32 +0300"
    },
    "done": true
  },
  "betterdungeons:all_dungeons": {
    "criteria": {
      "in_better_zombie_dungeon": "2021-12-14 21:14:51 +0300"
    },
    "done": false
  },
  "appliedenergistics2:recipes/appliedenergistics2/shaped/walls/smooth_sky_stone_block": {
    "criteria": {
      "has_smooth_sky_stone_block": "2021-12-20 15:39:22 +0300"
    },
    "done": true
  },
  "botania:recipes/botania/thunder_sword": {
    "criteria": {
      "has_terrasteel": "2021-12-20 00:10:28 +0300"
    },
    "done": true
  },
  "botania:recipes/botania/mana_ring": {
    "criteria": {
      "has_item": "2021-12-14 20:52:19 +0300"
    },
    "done": true
  },
  "sophisticatedbackpacks:recipes/sophisticatedbackpacks/filter_upgrade": {
    "criteria": {
      "has_upgrade_base": "2021-12-19 22:29:27 +0300"
    },
    "done": true
  },
  "appliedenergistics2:recipes/appliedenergistics2/shaped/walls/sky_stone_block": {
    "criteria": {
      "has_sky_stone_block": "2021-12-20 16:57:25 +0300"
    },
    "done": true
  },
  "minecraft:recipes/combat/iron_leggings": {
    "criteria": {
      "has_iron_ingot": "2021-12-20 01:28:09 +0300"
    },
    "done": true
  },
  "sophisticatedbackpacks:recipes/sophisticatedbackpacks/pump_upgrade": {
    "criteria": {
      "has_upgrade_base": "2021-12-19 22:29:27 +0300"
    },
    "done": true
  },
  "create:recipes/create.palettes/vertical_framed_glass_from_glass_colorless_stonecutting": {
    "criteria": {
      "has_glass_colorless": "2021-12-20 00:50:15 +0300"
    },
    "done": true
  },
  "botania:recipes/botania/terrasteel_block": {
    "criteria": {
      "has_item": "2021-12-20 00:10:28 +0300"
    },
    "done": true
  },
  "appliedenergistics2:recipes/appliedenergistics2/block_cutter/slabs/smooth_sky_stone_slab": {
    "criteria": {
      "has_smooth_sky_stone_block": "2021-12-20 15:39:22 +0300"
    },
    "done": true
  },
  "minecraft:recipes/tools/wooden_hoe": {
    "criteria": {
      "has_stick": "2021-12-20 00:06:06 +0300"
    },
    "done": true
  },
  "minecraft:recipes/combat/shield": {
    "criteria": {
      "has_iron_ingot": "2021-12-20 01:28:09 +0300"
    },
    "done": true
  },
  "botania:recipes/botania/terrasteel_chestplate": {
    "criteria": {
      "has_item": "2021-12-20 00:10:28 +0300"
    },
    "done": true
  },
  "minecraft:recipes/misc/bucket": {
    "criteria": {
      "has_iron_ingot": "2021-12-20 01:28:09 +0300"
    },
    "done": true
  },
  "create:basin": {
    "criteria": {
      "0": "2021-12-20 16:04:27 +0300",
      "1": "2021-12-20 16:05:28 +0300"
    },
    "done": true
  },
  "tconstruct:recipes/tools/common/slime/lead": {
    "criteria": {
      "has_slime_ball": "2021-12-19 23:09:02 +0300"
    },
    "done": true
  },
  "botania:recipes/botania/aura_ring_greater": {
    "criteria": {
      "has_item": "2021-12-20 00:10:28 +0300"
    },
    "done": true
  },
  "tconstruct:recipes/brewing/common/glass/vanilla/glass_bottle": {
    "criteria": {
      "has_glass": "2021-12-20 00:50:15 +0300"
    },
    "done": true
  },
  "minecraft:recipes/redstone/hopper": {
    "criteria": {
      "has_iron_ingot": "2021-12-20 01:28:09 +0300"
    },
    "done": true
  },
  "biomesoplenty:recipes/transportation/magic_boat": {
    "criteria": {
      "in_water": "2021-12-14 20:30:30 +0300"
    },
    "done": true
  },
  "create:recipes/create.base/crafting/logistics/content_observer": {
    "criteria": {
      "has_item": "2021-12-19 23:19:43 +0300"
    },
    "done": true
  },
  "ironchest:recipes/ironchest/chests/diamond_obsidian_chest": {
    "criteria": {
      "has_obsidian": "2021-12-17 00:04:32 +0300"
    },
    "done": true
  },
  "sophisticatedbackpacks:recipes/sophisticatedbackpacks/restock_upgrade": {
    "criteria": {
      "has_upgrade_base": "2021-12-19 22:29:27 +0300"
    },
    "done": true
  },
  "botania:recipes/botania/conversions/terrasteel_block_deconstruct": {
    "criteria": {
      "has_item": "2021-12-20 00:10:28 +0300"
    },
    "done": true
  },
  "create:recipes/create.base/crafting/logistics/powered_toggle_latch": {
    "criteria": {
      "has_item": "2021-12-19 23:08:57 +0300"
    },
    "done": true
  },
  "sophisticatedbackpacks:recipes/sophisticatedbackpacks/advanced_feeding_upgrade": {
    "criteria": {
      "has_feeding_upgrade": "2021-12-19 22:29:28 +0300"
    },
    "done": true
  },
  "ironchest:recipes/ironchest/upgrades/gold_to_diamond_chest_upgrade": {
    "criteria": {
      "has_glass": "2021-12-20 00:50:15 +0300"
    },
    "done": true
  },
  "sophisticatedbackpacks:recipes/sophisticatedbackpacks/advanced_magnet_upgrade": {
    "criteria": {
      "has_advanced_pickup_upgrade": "2021-12-19 22:45:13 +0300"
    },
    "done": true
  },
  "minecraft:recipes/redstone/note_block": {
    "criteria": {
      "has_redstone": "2021-12-19 23:08:57 +0300"
    },
    "done": true
  },
  "naturescompass:natures_compass_sapling": {
    "criteria": {
      "has_sapling": "2021-12-14 21:17:22 +0300"
    },
    "done": true
  },
  "ironchest:recipes/ironchest/chests/diamond_crystal_chest": {
    "criteria": {
      "has_glass": "2021-12-20 00:50:15 +0300"
    },
    "done": true
  },
  "sophisticatedbackpacks:recipes/sophisticatedbackpacks/advanced_restock_upgrade": {
    "criteria": {
      "has_restock_upgrade": "2021-12-19 22:29:28 +0300"
    },
    "done": true
  },
  "tconstruct:recipes/tconstruct/gadgets/gadgets/slimesling/earth": {
    "criteria": {
      "has_item": "2021-12-19 23:09:02 +0300"
    },
    "done": true
  },
  "minecraft:recipes/building_blocks/light_gray_concrete_powder": {
    "criteria": {
      "has_sand": "2021-12-14 20:44:10 +0300"
    },
    "done": true
  },
  "minecraft:recipes/building_blocks/light_blue_concrete_powder": {
    "criteria": {
      "has_sand": "2021-12-14 20:44:11 +0300"
    },
    "done": true
  },
  "biomesoplenty:recipes/transportation/cherry_boat": {
    "criteria": {
      "in_water": "2021-12-14 20:30:30 +0300"
    },
    "done": true
  },
  "ironchest:recipes/ironchest/upgrades/copper_to_iron_chest_upgrade": {
    "criteria": {
      "has_item": "2021-12-20 00:50:15 +0300"
    },
    "done": true
  },
  "sophisticatedbackpacks:recipes/sophisticatedbackpacks/feeding_upgrade": {
    "criteria": {
      "has_upgrade_base": "2021-12-19 22:29:27 +0300"
    },
    "done": true
  },
  "biomesoplenty:recipes/transportation/fir_boat": {
    "criteria": {
      "in_water": "2021-12-14 20:30:30 +0300"
    },
    "done": true
  },
  "minecraft:recipes/building_blocks/glass": {
    "criteria": {
      "has_sand": "2021-12-14 20:44:11 +0300"
    },
    "done": true
  },
  "appliedenergistics2:main/charger": {
    "criteria": {
      "certus": "2021-12-20 00:28:04 +0300"
    },
    "done": true
  },
  "ironchest:recipes/ironchest/upgrades/silver_to_gold_chest_upgrade": {
    "criteria": {
      "has_item": "2021-12-20 00:50:15 +0300"
    },
    "done": true
  },
  "minecraft:recipes/combat/iron_helmet": {
    "criteria": {
      "has_iron_ingot": "2021-12-20 01:28:09 +0300"
    },
    "done": true
  },
  "minecraft:recipes/building_blocks/pink_concrete_powder": {
    "criteria": {
      "has_sand": "2021-12-14 20:44:11 +0300"
    },
    "done": true
  },
  "create:its_alive": {
    "criteria": {
      "0": "2021-12-19 23:21:18 +0300"
    },
    "done": true
  },
  "minecraft:recipes/redstone/lectern": {
    "criteria": {
      "has_book": "2021-12-17 00:19:25 +0300"
    },
    "done": true
  },
  "minecraft:recipes/building_blocks/yellow_stained_glass": {
    "criteria": {
      "has_glass": "2021-12-20 00:50:15 +0300"
    },
    "done": true
  },
  "minecraft:recipes/building_blocks/purple_concrete_powder": {
    "criteria": {
      "has_sand": "2021-12-14 20:44:11 +0300"
    },
    "done": true
  },
  "botania:main/terrasteel_pickup": {
    "criteria": {
      "terrasteel": "2021-12-20 00:10:28 +0300"
    },
    "done": true
  },
  "minecraft:recipes/decorations/iron_bars": {
    "criteria": {
      "has_iron_ingot": "2021-12-20 01:28:09 +0300"
    },
    "done": true
  },
  "betterendforge:recipes/betterendforge/thallasium_sword_handle_smithing": {
    "criteria": {
      "has_stick": "2021-12-20 00:06:06 +0300"
    },
    "done": true
  },
  "enigmaticlegacy:book/relics/cursed_ring": {
    "criteria": {
      "has_items": "2021-12-14 20:29:59 +0300"
    },
    "done": true
  },
  "appliedenergistics2:recipes/appliedenergistics2/block_cutter/stairs/smooth_sky_stone_stairs": {
    "criteria": {
      "has_smooth_sky_stone_block": "2021-12-20 15:39:22 +0300"
    },
    "done": true
  },
  "botania:recipes/botania/terra_sword": {
    "criteria": {
      "has_item": "2021-12-20 00:10:28 +0300"
    },
    "done": true
  },
  "betterendforge:recipes/betterendforge/terminite_pickaxe_smithing": {
    "criteria": {
      "has_stick": "2021-12-20 00:06:06 +0300"
    },
    "done": true
  },
  "sophisticatedbackpacks:recipes/sophisticatedbackpacks/xp_pump_upgrade": {
    "criteria": {
      "has_advanced_pump_upgrade": "2021-12-19 22:45:52 +0300"
    },
    "done": true
  },
  "biomesoplenty:biomesoplenty/all_biomes": {
    "criteria": {
      "meadow": "2021-12-14 21:03:12 +0300"
    },
    "done": false
  },
  "minecraft:recipes/redstone/target": {
    "criteria": {
      "has_redstone": "2021-12-19 23:08:57 +0300"
    },
    "done": true
  },
  "minecraft:recipes/transportation/minecart": {
    "criteria": {
      "has_iron_ingot": "2021-12-20 01:28:09 +0300"
    },
    "done": true
  },
  "create:recipes/create.base/crafting/logistics/pulse_repeater": {
    "criteria": {
      "has_item": "2021-12-19 23:08:57 +0300"
    },
    "done": true
  },
  "enigmaticlegacy:book/accessories/iron_ring": {
    "criteria": {
      "has_the_recipe": "2021-12-17 00:19:58 +0300"
    },
    "done": true
  },
  "minecraft:recipes/building_blocks/sandstone": {
    "criteria": {
      "has_sand": "2021-12-14 20:44:10 +0300"
    },
    "done": true
  },
  "minecraft:recipes/misc/charcoal": {
    "criteria": {
      "has_log": "2021-12-14 21:08:58 +0300"
    },
    "done": true
  },
  "minecraft:recipes/building_blocks/red_stained_glass": {
    "criteria": {
      "has_glass": "2021-12-20 00:50:15 +0300"
    },
    "done": true
  },
  "minecraft:recipes/building_blocks/spruce_planks": {
    "criteria": {
      "has_logs": "2021-12-14 21:08:58 +0300"
    },
    "done": true
  },
  "minecraft:recipes/tools/wooden_pickaxe": {
    "criteria": {
      "has_stick": "2021-12-20 00:06:06 +0300"
    },
    "done": true
  },
  "minecraft:recipes/tools/iron_hoe": {
    "criteria": {
      "has_iron_ingot": "2021-12-20 01:28:09 +0300"
    },
    "done": true
  },
  "appliedenergistics2:recipes/appliedenergistics2/block_cutter/walls/sky_stone_wall": {
    "criteria": {
      "has_sky_stone_block": "2021-12-20 16:57:25 +0300"
    },
    "done": true
  },
  "mahoutsukai:bakuretsu": {
    "criteria": {
      "bakuretsu": "2021-12-14 21:18:28 +0300"
    },
    "done": true
  },
  "minecraft:recipes/redstone/redstone_torch": {
    "criteria": {
      "has_redstone": "2021-12-19 23:08:57 +0300"
    },
    "done": true
  },
  "minecraft:recipes/transportation/birch_boat": {
    "criteria": {
      "in_water": "2021-12-14 20:30:30 +0300"
    },
    "done": true
  },
  "minecraft:recipes/building_blocks/green_concrete_powder": {
    "criteria": {
      "has_sand": "2021-12-14 20:44:10 +0300"
    },
    "done": true
  },
  "minecraft:recipes/decorations/enchanting_table": {
    "criteria": {
      "has_obsidian": "2021-12-17 00:04:32 +0300"
    },
    "done": true
  },
  "ironchest:recipes/ironchest/chests/copper_iron_chest": {
    "criteria": {
      "has_item": "2021-12-20 01:28:09 +0300"
    },
    "done": true
  },
  "sophisticatedbackpacks:recipes/sophisticatedbackpacks/advanced_pump_upgrade": {
    "criteria": {
      "has_pump_upgrade": "2021-12-19 22:29:28 +0300"
    },
    "done": true
  },
  "minecraft:recipes/transportation/acacia_boat": {
    "criteria": {
      "in_water": "2021-12-14 20:30:30 +0300"
    },
    "done": true
  },
  "tconstruct:world/slime_collector": {
    "criteria": {
      "earth": "2021-12-19 23:09:02 +0300"
    },
    "done": false
  },
  "minecraft:recipes/tools/iron_shovel": {
    "criteria": {
      "has_iron_ingot": "2021-12-20 01:28:09 +0300"
    },
    "done": true
  },
  "minecraft:recipes/redstone/iron_trapdoor": {
    "criteria": {
      "has_iron_ingot": "2021-12-20 01:28:09 +0300"
    },
    "done": true
  },
  "tconstruct:tools/make_part": {
    "criteria": {
      "crafted_part": "2021-12-20 15:49:16 +0300"
    },
    "done": true
  },
  "botania:recipes/botania/red_string_container": {
    "criteria": {
      "has_base_block": "2021-12-17 00:12:48 +0300"
    },
    "done": true
  },
  "minecraft:recipes/building_blocks/orange_stained_glass": {
    "criteria": {
      "has_glass": "2021-12-20 00:50:15 +0300"
    },
    "done": true
  },
  "minecraft:adventure/root": {
    "criteria": {
      "killed_something": "2021-12-14 20:30:58 +0300"
    },
    "done": true
  },
  "sophisticatedbackpacks:recipes/sophisticatedbackpacks/void_upgrade": {
    "criteria": {
      "has_upgrade_base": "2021-12-19 22:29:27 +0300"
    },
    "done": true
  },
  "enigmaticlegacy:recipes/generic/ender_ring": {
    "criteria": {
      "has_parent_recipe": "2021-12-17 00:19:58 +0300"
    },
    "done": false
  },
  "twilightforest:alt/treasures/ironwood_tool_set": {
    "criteria": {
      "pickaxe": "2021-12-17 00:04:28 +0300"
    },
    "done": true
  },
  "sophisticatedbackpacks:recipes/sophisticatedbackpacks/netherite_backpack": {
    "criteria": {
      "has_diamond_backpack": "2021-12-16 23:57:01 +0300"
    },
    "done": true
  },
  "minecraft:recipes/building_blocks/white_concrete_powder": {
    "criteria": {
      "has_sand": "2021-12-14 20:44:11 +0300"
    },
    "done": true
  },
  "botania:recipes/botania/lexicon": {
    "criteria": {
      "has_item": "2021-12-14 21:17:22 +0300"
    },
    "done": true
  },
  "minecraft:recipes/tools/clock": {
    "criteria": {
      "has_redstone": "2021-12-19 23:08:57 +0300"
    },
    "done": true
  },
  "create:recipes/create.base/crafting/logistics/adjustable_pulse_repeater": {
    "criteria": {
      "has_item": "2021-12-19 23:08:57 +0300"
    },
    "done": true
  },
  "tconstruct:recipes/tconstruct/world/common/slime/earth/congealed": {
    "criteria": {
      "has_item": "2021-12-19 23:09:02 +0300"
    },
    "done": true
  },
  "simplefarming:berries": {
    "criteria": {
      "strawberries": "2021-12-14 21:07:35 +0300"
    },
    "done": false
  },
  "minecraft:adventure/kill_all_mobs": {
    "criteria": {
      "minecraft:phantom": "2021-12-14 20:55:43 +0300"
    },
    "done": false
  },
  "sophisticatedbackpacks:recipes/sophisticatedbackpacks/refill_upgrade": {
    "criteria": {
      "has_upgrade_base": "2021-12-19 22:29:27 +0300"
    },
    "done": true
  },
  "minecraft:recipes/redstone/redstone_block": {
    "criteria": {
      "has_redstone": "2021-12-19 23:08:57 +0300"
    },
    "done": true
  },
  "tconstruct:world/sky_island": {
    "criteria": {
      "found_island": "2021-12-14 20:51:32 +0300"
    },
    "done": true
  },
  "minecraft:recipes/building_blocks/lime_stained_glass": {
    "criteria": {
      "has_glass": "2021-12-20 00:50:15 +0300"
    },
    "done": true
  },
  "twilightforest:alt/treasures/knightmetal_armor_set": {
    "criteria": {
      "ingredien3": "2021-12-20 00:10:41 +0300"
    },
    "done": true
  },
  "sophisticatedbackpacks:recipes/sophisticatedbackpacks/deposit_upgrade": {
    "criteria": {
      "has_upgrade_base": "2021-12-19 22:29:27 +0300"
    },
    "done": true
  },
  "sophisticatedbackpacks:recipes/sophisticatedbackpacks/advanced_tool_swapper_upgrade": {
    "criteria": {
      "has_tool_swapper_upgrade": "2021-12-19 22:29:28 +0300"
    },
    "done": true
  },
  "create:recipes/create.base/crafting/materials/rose_quartz": {
    "criteria": {
      "has_item": "2021-12-19 23:08:57 +0300"
    },
    "done": true
  },
  "minecraft:recipes/decorations/slime_block": {
    "criteria": {
      "has_slime_ball": "2021-12-19 23:09:02 +0300"
    },
    "done": true
  },
  "appliedenergistics2:recipes/appliedenergistics2/shaped/stairs/smooth_sky_stone_block": {
    "criteria": {
      "has_smooth_sky_stone_block": "2021-12-20 15:39:22 +0300"
    },
    "done": true
  },
  "minecraft:recipes/decorations/glass_pane": {
    "criteria": {
      "has_glass": "2021-12-20 00:50:15 +0300"
    },
    "done": true
  },
  "create:root": {
    "criteria": {
      "0": "2021-12-14 20:29:59 +0300"
    },
    "done": true
  },
  "naturescompass:natures_compass_log": {
    "criteria": {
      "has_log": "2021-12-14 21:08:58 +0300"
    },
    "done": true
  },
  "minecraft:recipes/decorations/chain": {
    "criteria": {
      "has_iron_ingot": "2021-12-20 01:28:09 +0300"
    },
    "done": true
  },
  "minecraft:recipes/misc/lapis_lazuli": {
    "criteria": {
      "has_lapis_block": "2021-12-20 01:38:43 +0300"
    },
    "done": true
  },
  "minecraft:recipes/building_blocks/magenta_stained_glass": {
    "criteria": {
      "has_glass": "2021-12-20 00:50:15 +0300"
    },
    "done": true
  },
  "appliedenergistics2:main/compass": {
    "criteria": {
      "compass": "2021-12-20 00:25:27 +0300"
    },
    "done": true
  },
  "sophisticatedbackpacks:recipes/sophisticatedbackpacks/advanced_void_upgrade": {
    "criteria": {
      "has_void_upgrade": "2021-12-19 22:29:28 +0300"
    },
    "done": true
  },
  "minecraft:recipes/transportation/oak_boat": {
    "criteria": {
      "in_water": "2021-12-14 20:30:30 +0300"
    },
    "done": true
  },
  "create:belt": {
    "criteria": {
      "0": "2021-12-19 23:21:06 +0300"
    },
    "done": true
  },
  "minecraft:recipes/decorations/anvil": {
    "criteria": {
      "has_iron_block": "2021-12-20 00:07:21 +0300"
    },
    "done": true
  },
  "minecraft:recipes/building_blocks/light_blue_stained_glass": {
    "criteria": {
      "has_glass": "2021-12-20 00:50:15 +0300"
    },
    "done": true
  },
  "minecraft:recipes/building_blocks/orange_concrete_powder": {
    "criteria": {
      "has_sand": "2021-12-14 20:44:10 +0300"
    },
    "done": true
  },
  "betterendforge:recipes/betterendforge/terminite_sword_handle_smithing": {
    "criteria": {
      "has_stick": "2021-12-20 00:06:06 +0300"
    },
    "done": true
  },
  "appliedenergistics2:recipes/appliedenergistics2/shaped/stairs/sky_stone_block": {
    "criteria": {
      "has_sky_stone_block": "2021-12-20 16:57:25 +0300"
    },
    "done": true
  },
  "minecraft:recipes/building_blocks/cyan_concrete_powder": {
    "criteria": {
      "has_sand": "2021-12-14 20:44:10 +0300"
    },
    "done": true
  },
  "enigmaticlegacy:recipes/generic/the_twist": {
    "criteria": {
      "has_parent_recipe": "2021-12-14 20:29:59 +0300"
    },
    "done": false
  },
  "sophisticatedbackpacks:recipes/sophisticatedbackpacks/everlasting_upgrade": {
    "criteria": {
      "has_upgrade_base": "2021-12-19 22:29:27 +0300"
    },
    "done": true
  },
  "appliedenergistics2:recipes/appliedenergistics2/block_cutter/slabs/sky_stone_slab": {
    "criteria": {
      "has_sky_stone_block": "2021-12-20 16:57:25 +0300"
    },
    "done": true
  },
  "betterendforge:recipes/betterendforge/thallasium_hammer_smithing": {
    "criteria": {
      "has_stick": "2021-12-20 00:06:06 +0300"
    },
    "done": true
  },
  "appliedenergistics2:main/interface": {
    "criteria": {
      "certus": "2021-12-20 16:12:36 +0300"
    },
    "done": true
  },
  "enigmaticlegacy:recipes/generic/animal_guide": {
    "criteria": {
      "has_items": "2021-12-17 00:19:25 +0300"
    },
    "done": true
  },
  "minecraft:recipes/tools/wooden_axe": {
    "criteria": {
      "has_stick": "2021-12-20 00:06:06 +0300"
    },
    "done": true
  },
  "botania:recipes/botania/thorn_chakram": {
    "criteria": {
      "has_item": "2021-12-20 00:10:28 +0300"
    },
    "done": true
  },
  "create:deployer": {
    "criteria": {
      "0": "2021-12-19 23:21:32 +0300"
    },
    "done": true
  },
  "betterendforge:recipes/betterendforge/thallasium_shovel_smithing": {
    "criteria": {
      "has_stick": "2021-12-20 00:06:06 +0300"
    },
    "done": true
  },
  "create:mixer": {
    "criteria": {
      "0": "2021-12-20 16:04:30 +0300",
      "1": "2021-12-20 16:08:04 +0300"
    },
    "done": true
  },
  "sophisticatedbackpacks:recipes/sophisticatedbackpacks/battery_upgrade": {
    "criteria": {
      "has_upgrade_base": "2021-12-19 22:29:27 +0300"
    },
    "done": true
  },
  "biomesoplenty:recipes/transportation/umbran_boat": {
    "criteria": {
      "in_water": "2021-12-14 20:30:30 +0300"
    },
    "done": true
  },
  "botania:recipes/botania/terraform_rod": {
    "criteria": {
      "has_item": "2021-12-20 00:10:28 +0300"
    },
    "done": true
  },
  "biomesoplenty:recipes/transportation/palm_boat": {
    "criteria": {
      "in_water": "2021-12-14 20:30:30 +0300"
    },
    "done": true
  },
  "sophisticatedbackpacks:recipes/sophisticatedbackpacks/iron_backpack": {
    "criteria": {
      "has_backpack": "2021-12-16 23:56:56 +0300"
    },
    "done": true
  },
  "create:recipes/create.base/crafting/kinetics/gearbox": {
    "criteria": {
      "has_item": "2021-12-20 16:04:11 +0300"
    },
    "done": true
  },
  "minecraft:recipes/brewing/glass_bottle": {
    "criteria": {
      "has_glass": "2021-12-20 00:50:15 +0300"
    },
    "done": true
  },
  "botania:recipes/botania/mana_mirror": {
    "criteria": {
      "has_item": "2021-12-14 20:52:19 +0300"
    },
    "done": true
  },
  "sophisticatedbackpacks:recipes/sophisticatedbackpacks/tool_swapper_upgrade": {
    "criteria": {
      "has_upgrade_base": "2021-12-19 22:29:27 +0300"
    },
    "done": true
  },
  "biomesoplenty:recipes/transportation/redwood_boat": {
    "criteria": {
      "in_water": "2021-12-14 20:30:30 +0300"
    },
    "done": true
  },
  "enigmaticlegacy:recipes/generic/gem_ring": {
    "criteria": {
      "has_parent_recipe": "2021-12-17 00:19:58 +0300"
    },
    "done": false
  },
  "sophisticatedbackpacks:recipes/sophisticatedbackpacks/auto_smelting_upgrade": {
    "criteria": {
      "has_smelting_upgrade": "2021-12-19 22:29:28 +0300"
    },
    "done": true
  },
  "minecraft:recipes/building_blocks/iron_block": {
    "criteria": {
      "has_iron_ingot": "2021-12-20 01:28:09 +0300"
    },
    "done": true
  },
  "minecraft:recipes/building_blocks/white_stained_glass": {
    "criteria": {
      "has_glass": "2021-12-20 00:50:15 +0300"
    },
    "done": true
  },
  "alexsmobs:alexsmobs/guster": {
    "criteria": {
      "killed_by": "2021-12-14 20:43:42 +0300"
    },
    "done": true
  },
  "create:recipes/create.palettes/framed_glass_from_glass_colorless_stonecutting": {
    "criteria": {
      "has_glass_colorless": "2021-12-20 00:50:15 +0300"
    },
    "done": true
  },
  "create:belt_funnel": {
    "criteria": {
      "0": "2021-12-19 23:23:07 +0300"
    },
    "done": true
  },
  "apotheosis:spawner/root": {
    "criteria": {
      "game_start": "2021-12-14 20:29:59 +0300"
    },
    "done": true
  },
  "botania:recipes/botania/natura_pylon": {
    "criteria": {
      "has_alt_item": "2021-12-20 00:10:28 +0300"
    },
    "done": true
  },
  "minecraft:recipes/combat/arrow": {
    "criteria": {
      "has_feather": "2021-12-14 20:47:28 +0300"
    },
    "done": true
  },
  "create:recipes/create.base/crafting/logistics/adjustable_repeater": {
    "criteria": {
      "has_item": "2021-12-19 23:08:57 +0300"
    },
    "done": true
  },
  "mowziesmobs:root": {
    "criteria": {
      "custom_test_name": "2021-12-14 20:29:59 +0300"
    },
    "done": true
  },
  "minecraft:recipes/building_blocks/green_stained_glass": {
    "criteria": {
      "has_glass": "2021-12-20 00:50:15 +0300"
    },
    "done": true
  },
  "minecraft:recipes/misc/gold_nugget_from_blasting": {
    "criteria": {
      "has_golden_sword": "2021-12-17 00:03:46 +0300"
    },
    "done": true
  },
  "create:recipes/create.base/crafting/materials/andesite_alloy": {
    "criteria": {
      "has_item": "2021-12-20 01:28:09 +0300"
    },
    "done": true
  },
  "minecraft:recipes/combat/wooden_sword": {
    "criteria": {
      "has_stick": "2021-12-20 00:06:06 +0300"
    },
    "done": true
  },
  "betterdungeons:zombie_dungeon": {
    "criteria": {
      "in_better_zombie_dungeon": "2021-12-14 21:14:51 +0300"
    },
    "done": true
  },
  "apotheosis:spawner/capturing": {
    "criteria": {
      "egg": "2021-12-14 20:30:43 +0300"
    },
    "done": true
  },
  "minecraft:recipes/building_blocks/blue_concrete_powder": {
    "criteria": {
      "has_sand": "2021-12-14 20:44:11 +0300"
    },
    "done": true
  },
  "minecraft:recipes/building_blocks/gray_concrete_powder": {
    "criteria": {
      "has_sand": "2021-12-14 20:44:10 +0300"
    },
    "done": true
  },
  "sophisticatedbackpacks:recipes/sophisticatedbackpacks/advanced_pickup_upgrade": {
    "criteria": {
      "has_pickup_upgrade": "2021-12-19 22:29:28 +0300"
    },
    "done": true
  },
  "minecraft:recipes/building_blocks/cyan_stained_glass": {
    "criteria": {
      "has_glass": "2021-12-20 00:50:15 +0300"
    },
    "done": true
  },
  "botania:recipes/botania/terra_pick": {
    "criteria": {
      "has_item": "2021-12-20 00:10:28 +0300"
    },
    "done": true
  },
  "ironchest:recipes/ironchest/upgrades/diamond_to_obsidian_chest_upgrade": {
    "criteria": {
      "has_glass": "2021-12-20 00:50:15 +0300"
    },
    "done": true
  },
  "minecraft:recipes/building_blocks/bookshelf": {
    "criteria": {
      "has_book": "2021-12-17 00:19:25 +0300"
    },
    "done": true
  },
  "appliedenergistics2:main/crafting_terminal": {
    "criteria": {
      "certus": "2021-12-20 00:43:41 +0300"
    },
    "done": true
  },
  "minecraft:recipes/tools/iron_axe": {
    "criteria": {
      "has_iron_ingot": "2021-12-20 01:28:09 +0300"
    },
    "done": true
  },
  "betterendforge:recipes/betterendforge/terminite_shovel_smithing": {
    "criteria": {
      "has_stick": "2021-12-20 00:06:06 +0300"
    },
    "done": true
  },
  "appliedenergistics2:main/storage_bus": {
    "criteria": {
      "part": "2021-12-20 17:05:36 +0300"
    },
    "done": true
  },
  "sophisticatedbackpacks:recipes/sophisticatedbackpacks/jukebox_upgrade": {
    "criteria": {
      "has_upgrade_base": "2021-12-19 22:29:27 +0300"
    },
    "done": true
  },
  "minecraft:recipes/tools/lead": {
    "criteria": {
      "has_slime_ball": "2021-12-19 23:09:02 +0300"
    },
    "done": true
  },
  "sophisticatedbackpacks:recipes/sophisticatedbackpacks/stack_upgrade_tier_4": {
    "criteria": {
      "has_upgrade_base": "2021-12-19 22:47:45 +0300"
    },
    "done": true
  },
  "sophisticatedbackpacks:recipes/sophisticatedbackpacks/stack_upgrade_tier_2": {
    "criteria": {
      "has_upgrade_base": "2021-12-19 22:29:28 +0300"
    },
    "done": true
  },
  "sophisticatedbackpacks:recipes/sophisticatedbackpacks/stack_upgrade_tier_3": {
    "criteria": {
      "has_upgrade_base": "2021-12-19 22:45:51 +0300"
    },
    "done": true
  },
  "minecraft:recipes/combat/iron_boots": {
    "criteria": {
      "has_iron_ingot": "2021-12-20 01:28:09 +0300"
    },
    "done": true
  },
  "enigmaticlegacy:book/relics/enigmatic_amulet": {
    "criteria": {
      "has_items": "2021-12-19 22:17:49 +0300"
    },
    "done": true
  },
  "botania:recipes/botania/terrasteel_boots": {
    "criteria": {
      "has_item": "2021-12-20 00:10:28 +0300"
    },
    "done": true
  },
  "sophisticatedbackpacks:recipes/sophisticatedbackpacks/stack_upgrade_tier_1": {
    "criteria": {
      "has_upgrade_base": "2021-12-19 22:29:27 +0300"
    },
    "done": true
  },
  "biomesoplenty:biomesoplenty/root": {
    "criteria": {
      "meadow": "2021-12-14 21:03:12 +0300"
    },
    "done": true
  },
  "minecraft:recipes/building_blocks/black_concrete_powder": {
    "criteria": {
      "has_sand": "2021-12-14 20:44:11 +0300"
    },
    "done": true
  },
  "create:press": {
    "criteria": {
      "0": "2021-12-19 23:26:09 +0300"
    },
    "done": true
  },
  "betterendforge:recipes/betterendforge/terminite_axe_smithing": {
    "criteria": {
      "has_stick": "2021-12-20 00:06:06 +0300"
    },
    "done": true
  },
  "twilightforest:alt/treasures/knightmetal_tool_set": {
    "criteria": {
      "ingredien3": "2021-12-20 00:10:41 +0300"
    },
    "done": true
  },
  "appliedenergistics2:main/presses": {
    "criteria": {
      "calc": "2021-12-20 00:07:07 +0300"
    },
    "done": true
  },
  "minecraft:recipes/redstone/dropper": {
    "criteria": {
      "has_redstone": "2021-12-19 23:08:57 +0300"
    },
    "done": true
  },
  "minecraft:recipes/combat/crossbow": {
    "criteria": {
      "has_stick": "2021-12-20 00:06:06 +0300"
    },
    "done": true
  },
  "minecraft:recipes/combat/iron_chestplate": {
    "criteria": {
      "has_iron_ingot": "2021-12-20 01:28:09 +0300"
    },
    "done": true
  },
  "create:recipes/create.base/crafting/appliances/tree_fertilizer": {
    "criteria": {
      "has_item": "2021-12-20 02:03:22 +0300"
    },
    "done": true
  },
  "minecraft:story/form_obsidian": {
    "criteria": {
      "obsidian": "2021-12-17 00:04:32 +0300"
    },
    "done": true
  },
  "appliedenergistics2:recipes/appliedenergistics2/block_cutter/walls/smooth_sky_stone_wall": {
    "criteria": {
      "has_smooth_sky_stone_block": "2021-12-20 15:39:22 +0300"
    },
    "done": true
  },
  "create:recipes/create.base/crafting/kinetics/empty_blaze_burner": {
    "criteria": {
      "has_item": "2021-12-20 01:28:09 +0300"
    },
    "done": true
  },
  "minecraft:recipes/building_blocks/red_concrete_powder": {
    "criteria": {
      "has_sand": "2021-12-14 20:44:11 +0300"
    },
    "done": true
  },
  "betterdungeons:root": {
    "criteria": {
      "always": "2021-12-14 20:29:59 +0300"
    },
    "done": true
  },
  "ironchest:recipes/ironchest/upgrades/iron_to_gold_chest_upgrade": {
    "criteria": {
      "has_iron_ingot": "2021-12-20 01:28:09 +0300"
    },
    "done": true
  },
  "sophisticatedbackpacks:recipes/sophisticatedbackpacks/advanced_deposit_upgrade": {
    "criteria": {
      "has_deposit_upgrade": "2021-12-19 22:29:28 +0300"
    },
    "done": true
  },
  "minecraft:recipes/tools/compass": {
    "criteria": {
      "has_redstone": "2021-12-19 23:08:57 +0300"
    },
    "done": true
  },
  "minecraft:adventure/kill_a_mob": {
    "criteria": {
      "minecraft:phantom": "2021-12-14 20:55:43 +0300"
    },
    "done": true
  },
  "ironchest:recipes/ironchest/upgrades/diamond_to_crystal_chest_upgrade": {
    "criteria": {
      "has_glass": "2021-12-20 00:50:15 +0300"
    },
    "done": true
  },
  "betterendforge:recipes/betterendforge/thallasium_axe_smithing": {
    "criteria": {
      "has_stick": "2021-12-20 00:06:06 +0300"
    },
    "done": true
  },
  "betterendforge:recipes/betterendforge/thallasium_hoe_smithing": {
    "criteria": {
      "has_stick": "2021-12-20 00:06:06 +0300"
    },
    "done": true
  },
  "sophisticatedbackpacks:recipes/sophisticatedbackpacks/inception_upgrade": {
    "criteria": {
      "has_upgrade_base": "2021-12-19 22:29:27 +0300"
    },
    "done": true
  },
  "create:recipes/create.palettes/tiled_glass_from_glass_colorless_stonecutting": {
    "criteria": {
      "has_glass_colorless": "2021-12-20 00:50:15 +0300"
    },
    "done": true
  },
  "botania:recipes/botania/terra_axe": {
    "criteria": {
      "has_item": "2021-12-20 00:10:28 +0300"
    },
    "done": true
  },
  "appliedenergistics2:main/controller": {
    "criteria": {
      "certus": "2021-12-20 00:39:29 +0300"
    },
    "done": true
  },
  "minecraft:recipes/redstone/sticky_piston": {
    "criteria": {
      "has_slime_ball": "2021-12-19 23:09:02 +0300"
    },
    "done": true
  },
  "biomesoplenty:recipes/transportation/hellbark_boat": {
    "criteria": {
      "in_water": "2021-12-14 20:30:30 +0300"
    },
    "done": true
  },
  "twilightforest:alt/treasures/armors": {
    "criteria": {
      "4": "2021-12-20 00:10:41 +0300"
    },
    "done": true
  },
  "minecraft:adventure/adventuring_time": {
    "criteria": {
      "minecraft:taiga": "2021-12-14 21:09:16 +0300",
      "minecraft:river": "2021-12-14 21:02:28 +0300"
    },
    "done": false
  },
  "appliedenergistics2:main/qnb": {
    "criteria": {
      "certus": "2021-12-20 00:40:49 +0300"
    },
    "done": true
  },
  "minecraft:recipes/redstone/iron_door": {
    "criteria": {
      "has_iron_ingot": "2021-12-20 01:28:09 +0300"
    },
    "done": true
  },
  "ironchest:recipes/ironchest/chests/vanilla_iron_chest": {
    "criteria": {
      "has_iron_ingot": "2021-12-20 01:28:09 +0300"
    },
    "done": true
  },
  "betterendforge:recipes/betterendforge/terminite_hoe_smithing": {
    "criteria": {
      "has_stick": "2021-12-20 00:06:06 +0300"
    },
    "done": true
  },
  "minecraft:recipes/decorations/smithing_table": {
    "criteria": {
      "has_iron_ingot": "2021-12-20 01:28:09 +0300"
    },
    "done": true
  },
  "appliedenergistics2:main/growth_accelerator": {
    "criteria": {
      "certus": "2021-12-20 00:28:55 +0300"
    },
    "done": true
  },
  "sophisticatedbackpacks:recipes/sophisticatedbackpacks/crafting_upgrade": {
    "criteria": {
      "has_upgrade_base": "2021-12-19 22:29:27 +0300"
    },
    "done": true
  },
  "minecraft:recipes/building_blocks/brown_stained_glass": {
    "criteria": {
      "has_glass": "2021-12-20 00:50:15 +0300"
    },
    "done": true
  },
  "sophisticatedbackpacks:recipes/sophisticatedbackpacks/diamond_backpack": {
    "criteria": {
      "has_gold_backpack": "2021-12-16 23:57:02 +0300"
    },
    "done": true
  },
  "minecraft:recipes/transportation/jungle_boat": {
    "criteria": {
      "in_water": "2021-12-14 20:30:30 +0300"
    },
    "done": true
  },
  "appliedenergistics2:main/pattern_terminal": {
    "criteria": {
      "certus": "2021-12-20 00:43:41 +0300"
    },
    "done": true
  },
  "minecraft:recipes/misc/iron_ingot_from_iron_block": {
    "criteria": {
      "has_iron_block": "2021-12-20 00:07:21 +0300"
    },
    "done": true
  },
  "minecraft:recipes/building_blocks/light_gray_stained_glass": {
    "criteria": {
      "has_glass": "2021-12-20 00:50:15 +0300"
    },
    "done": true
  },
  "ironchest:recipes/ironchest/upgrades/wood_to_iron_chest_upgrade": {
    "criteria": {
      "has_iron_ingot": "2021-12-20 01:28:09 +0300"
    },
    "done": true
  },
  "tconstruct:recipes/tconstruct/general/tables/pattern": {
    "criteria": {
      "has_item": "2021-12-20 00:06:06 +0300"
    },
    "done": true
  },
  "minecraft:recipes/redstone/heavy_weighted_pressure_plate": {
    "criteria": {
      "has_iron_ingot": "2021-12-20 01:28:09 +0300"
    },
    "done": true
  },
  "minecraft:recipes/transportation/dark_oak_boat": {
    "criteria": {
      "in_water": "2021-12-14 20:30:30 +0300"
    },
    "done": true
  },
  "botania:recipes/botania/terrasteel_leggings": {
    "criteria": {
      "has_item": "2021-12-20 00:10:28 +0300"
    },
    "done": true
  },
  "appliedenergistics2:main/fluix": {
    "criteria": {
      "certus": "2021-12-20 00:52:35 +0300"
    },
    "done": true
  },
  "appliedenergistics2:main/spatial_ioport": {
    "criteria": {
      "certus": "2021-12-20 15:23:44 +0300"
    },
    "done": true
  },
  "evilcraft:root": {
    "criteria": {
      "criteria_0": "2021-12-20 01:41:13 +0300"
    },
    "done": true
  },
  "minecraft:recipes/redstone/piston": {
    "criteria": {
      "has_redstone": "2021-12-19 23:08:57 +0300"
    },
    "done": true
  },
  "appliedenergistics2:main/ioport": {
    "criteria": {
      "certus": "2021-12-20 15:23:36 +0300"
    },
    "done": true
  },
  "appliedenergistics2:recipes/appliedenergistics2/shaped/slabs/smooth_sky_stone_block": {
    "criteria": {
      "has_smooth_sky_stone_block": "2021-12-20 15:39:22 +0300"
    },
    "done": true
  },
  "sophisticatedbackpacks:recipes/sophisticatedbackpacks/pickup_upgrade": {
    "criteria": {
      "has_upgrade_base": "2021-12-19 22:29:27 +0300"
    },
    "done": true
  },
  "minecraft:recipes/decorations/lantern": {
    "criteria": {
      "has_iron_ingot": "2021-12-20 01:28:09 +0300"
    },
    "done": true
  },
  "appliedenergistics2:main/glass_cable": {
    "criteria": {
      "certus": "2021-12-20 00:39:44 +0300"
    },
    "done": true
  },
  "biomesoplenty:recipes/transportation/jacaranda_boat": {
    "criteria": {
      "in_water": "2021-12-14 20:30:30 +0300"
    },
    "done": true
  },
  "botania:recipes/botania/mana_ring_greater": {
    "criteria": {
      "has_item": "2021-12-20 00:10:28 +0300"
    },
    "done": true
  },
  "twilightforest:alt/treasures/tools": {
    "criteria": {
      "0": "2021-12-17 00:04:28 +0300"
    },
    "done": true
  },
  "minecraft:recipes/tconstruct/general/tools/modifiers/slime_crystal/earth": {
    "criteria": {
      "has_item": "2021-12-19 23:09:02 +0300"
    },
    "done": true
  },
  "botania:recipes/botania/star_sword": {
    "criteria": {
      "has_terrasteel": "2021-12-20 00:10:28 +0300"
    },
    "done": true
  },
  "sophisticatedbackpacks:recipes/sophisticatedbackpacks/advanced_filter_upgrade": {
    "criteria": {
      "has_filter_upgrade": "2021-12-19 22:29:28 +0300"
    },
    "done": true
  },
  "minecraft:recipes/misc/gold_nugget_from_smelting": {
    "criteria": {
      "has_golden_sword": "2021-12-17 00:03:46 +0300"
    },
    "done": true
  },
  "sophisticatedbackpacks:recipes/sophisticatedbackpacks/stonecutter_upgrade": {
    "criteria": {
      "has_upgrade_base": "2021-12-19 22:29:27 +0300"
    },
    "done": true
  },
  "tconstruct:recipes/redstone/common/slime/sticky_piston": {
    "criteria": {
      "has_slime_ball": "2021-12-19 23:09:02 +0300"
    },
    "done": true
  },
  "enigmaticlegacy:main/root": {
    "criteria": {
      "flower": "2021-12-19 22:17:49 +0300"
    },
    "done": true
  },
  "sophisticatedbackpacks:recipes/sophisticatedbackpacks/compacting_upgrade": {
    "criteria": {
      "has_upgrade_base": "2021-12-19 22:29:27 +0300"
    },
    "done": true
  },
  "minecraft:recipes/decorations/soul_campfire": {
    "criteria": {
      "has_stick": "2021-12-20 00:06:06 +0300"
    },
    "done": true
  },
  "minecraft:story/smelt_iron": {
    "criteria": {
      "iron": "2021-12-20 01:28:09 +0300"
    },
    "done": true
  },
  "appliedenergistics2:main/storage_cell": {
    "criteria": {
      "c1k": "2021-12-20 00:35:59 +0300"
    },
    "done": true
  },
  "betterendforge:recipes/betterendforge/infusion_pedestal": {
    "criteria": {
      "has_obsidian": "2021-12-17 00:04:32 +0300"
    },
    "done": true
  },
  "minecraft:recipes/building_blocks/pink_stained_glass": {
    "criteria": {
      "has_glass": "2021-12-20 00:50:15 +0300"
    },
    "done": true
  },
  "sophisticatedbackpacks:recipes/sophisticatedbackpacks/tank_upgrade": {
    "criteria": {
      "has_upgrade_base": "2021-12-19 22:29:27 +0300"
    },
    "done": true
  },
  "repurposed_structures:root": {
    "criteria": {
      "always": "2021-12-14 20:29:59 +0300"
    },
    "done": true
  },
  "minecraft:recipes/building_blocks/bone_block": {
    "criteria": {
      "has_bonemeal": "2021-12-20 02:03:22 +0300"
    },
    "done": true
  },
  "DataVersion": 2586
}