{"stats":{"minecraft:used":{"ironchest:wood_to_iron_chest_upgrade":1,"create:deployer":5,"ironchest:silver_to_gold_chest_upgrade":1,"appliedenergistics2:security_station":2,"appliedenergistics2:inscriber":2,"minecraft:chest":14,"minecraft:vex_spawn_egg":1,"create:fluid_tank":6,"minecraft:anvil":1,"ironchest:diamond_chest":1,"minecraft:stray_spawn_egg":1,"create:mechanical_mixer":2,"create:cogwheel":2,"byg:azalea":1,"ars_nouveau:carbuncle_se":1,"alexsmobs:spawn_egg_centipede":1,"minecraft:obsidian":1,"appliedenergistics2:controller":15,"alexsmobs:spawn_egg_komodo_dragon":1,"minecraft:ravager_spawn_egg":1,"alexsmobs:spawn_egg_mungus":1,"appliedenergistics2:energy_acceptor":2,"appliedenergistics2:drive":5,"twilightforest:maze_slime_spawn_egg":3,"appliedenergistics2:wireless_access_point":1,"minecraft:piglin_brute_spawn_egg":1,"create:creative_motor":13,"appliedenergistics2:crank":1,"create:andesite_funnel":5,"minecraft:slime_spawn_egg":3,"minecraft:blaze_spawn_egg":1,"create:shaft":24,"appliedenergistics2:grindstone":1,"alexsmobs:spawn_egg_shoebill":4,"calemiutils:trading_post":2,"alexsmobs:spawn_egg_roadrunner":1,"alexsmobs:spawn_egg_spectre":1,"appliedenergistics2:orange_smart_cable":10,"create:belt_connector":6,"minecraft:spider_spawn_egg":1,"alexsmobs:spawn_egg_soul_vulture":1,"ars_nouveau:wilden_stalker_se":1,"evilcraft:environmental_accumulator":3,"minecraft:snow_block":24,"alexsmobs:spawn_egg_warped_toad":1,"ars_nouveau:ritual_cloudshaping":12,"ironchest:wood_to_copper_chest_upgrade":1,"appliedenergistics2:storage_bus":1,"create:blaze_burner":1,"createaddition:crude_burner":1,"appliedenergistics2:spatial_pylon":41,"minecraft:strider_spawn_egg":1,"ars_nouveau:ritual":1,"minecraft:phantom_spawn_egg":2,"appliedenergistics2:quantum_link":2,"alexsmobs:spawn_egg_guster":1,"botania:mana_fluxfield":4,"waystones:waystone":1,"evilcraft:sanguinary_environmental_accumulator":2,"createaddition:alternator":5,"betterendforge:spawn_egg_end_slime":1,"appliedenergistics2:spatial_anchor":1,"create:mechanical_press":7,"ironchest:copper_to_silver_chest_upgrade":1,"minecraft:pig_spawn_egg":1,"appliedenergistics2:quartz_fixture":1,"appliedenergistics2:debug_cube_gen":1,"ironchest:iron_to_gold_chest_upgrade":1,"minecraft:cat_spawn_egg":10,"appliedenergistics2:chest":3,"create:basin":1,"appliedenergistics2:spatial_io_port":1,"evilcraft:dark_tank":8,"minecraft:lapis_block":1,"minecraft:husk_spawn_egg":1,"appliedenergistics2:quantum_ring":4,"calemiutils:bank":1},"minecraft:custom":{"minecraft:interact_with_anvil":7,"minecraft:mob_kills":4,"minecraft:items_inserted":4,"minecraft:leave_game":13,"minecraft:time_since_death":494789,"minecraft:sprint_one_cm":5959,"minecraft:walk_one_cm":140256,"minecraft:drop":127,"minecraft:sneak_time":2449,"minecraft:walk_under_water_one_cm":8028,"minecraft:jump":318,"minecraft:walk_on_water_one_cm":1536,"minecraft:items_extracted":4,"minecraft:play_one_minute":494789,"minecraft:time_since_rest":494789,"minecraft:waystone_activated":1,"minecraft:damage_taken":40,"minecraft:damage_dealt":621,"minecraft:fly_one_cm":476628,"minecraft:open_chest":39,"minecraft:crouch_one_cm":1597},"minecraft:picked_up":{"sophisticatedbackpacks:tool_swapper_upgrade":1,"sophisticatedbackpacks:pump_upgrade":1,"sophisticatedbackpacks:magnet_upgrade":1,"evilcraft:promise_tier_3":1,"appliedenergistics2:certus_crystal_seed":1,"minecraft:phantom_membrane":1,"sophisticatedbackpacks:restock_upgrade":1,"sophisticatedbackpacks:crafting_upgrade":1,"create:blaze_cake":1,"sophisticatedbackpacks:stonecutter_upgrade":1,"appliedenergistics2:fluix_crystal_seed":1,"minecraft:redstone":1,"sophisticatedbackpacks:everlasting_upgrade":1,"byg:brown_zelkova_sapling":1,"calemiutils:trading_post":1,"sophisticatedbackpacks:pickup_upgrade":1,"minecraft:arrow":1,"sophisticatedbackpacks:filter_upgrade":1,"sophisticatedbackpacks:refill_upgrade":1,"minecraft:iron_block":1,"simplefarming:strawberries":2,"minecraft:feather":1,"appliedenergistics2:calculation_processor_press":1,"sophisticatedbackpacks:compacting_upgrade":1,"sophisticatedbackpacks:battery_upgrade":1,"appliedenergistics2:64k_storage_cell":1,"sophisticatedbackpacks:void_upgrade":1,"sophisticatedbackpacks:inception_upgrade":1,"createaddition:furnace_burner":1,"alexsmobs:spawn_egg_warped_toad":1,"appliedenergistics2:nether_quartz_seed":1,"appliedenergistics2:1k_storage_cell":1,"sophisticatedbackpacks:smelting_upgrade":1,"sophisticatedbackpacks:tank_upgrade":1,"evilcraft:weather_container":4,"sophisticatedbackpacks:deposit_upgrade":1,"minecraft:sand":1,"sophisticatedbackpacks:stack_upgrade_tier_1":1,"sophisticatedbackpacks:jukebox_upgrade":1,"appliedenergistics2:engineering_processor":2,"minecraft:slime_ball":54,"iceandfire:silver_sword":1,"sophisticatedbackpacks:feeding_upgrade":1,"appliedenergistics2:identity_annihilation_plane":1},"minecraft:dropped":{"sophisticatedbackpacks:stack_upgrade_tier_1":1,"evilcraft:dark_gem_crushed":12,"ars_nouveau:mythical_clay":3,"calemiutils:wallet":1,"iceandfire:silver_sword":1,"appliedenergistics2:smooth_sky_stone_block":8,"sophisticatedbackpacks:refill_upgrade":1,"theoneprobe:probenote":1,"sophisticatedbackpacks:pump_upgrade":1,"create:blaze_cake":1,"createaddition:rolling_mill":64,"sophisticatedbackpacks:battery_upgrade":1,"sophisticatedbackpacks:jukebox_upgrade":1,"sophisticatedbackpacks:crafting_upgrade":1,"minecraft:lapis_block":4,"sophisticatedbackpacks:pickup_upgrade":1,"sophisticatedbackpacks:restock_upgrade":1,"appliedenergistics2:purified_fluix_crystal":12,"appliedenergistics2:engineering_processor":5,"appliedenergistics2:sky_stone_block":4,"sophisticatedbackpacks:feeding_upgrade":1,"sophisticatedbackpacks:inception_upgrade":1,"sophisticatedbackpacks:filter_upgrade":1,"minecraft:diamond_hoe":1,"calemiutils:trading_post":1,"alexsmobs:spawn_egg_warped_toad":1,"sophisticatedbackpacks:deposit_upgrade":1,"ars_nouveau:marvelous_clay":12,"tconstruct:tool_binding":12,"sophisticatedbackpacks:stonecutter_upgrade":1,"enigmaticlegacy:cursed_ring":1,"sophisticatedbackpacks:smelting_upgrade":1,"sophisticatedbackpacks:void_upgrade":1,"create:creative_motor":1,"sophisticatedbackpacks:magnet_upgrade":1,"byg:azalea":1,"simplefarming:strawberries":2,"minecraft:spruce_wood":1,"minecraft:cat_spawn_egg":1,"sophisticatedbackpacks:tool_swapper_upgrade":1,"appliedenergistics2:silicon":6,"minecraft:arrow":1,"sophisticatedbackpacks:compacting_upgrade":1,"sophisticatedbackpacks:everlasting_upgrade":1,"enigmaticlegacy:enigmatic_amulet":1,"evilcraft:weather_container":3,"sophisticatedbackpacks:tank_upgrade":1,"createaddition:gold_spool":12},"minecraft:killed":{"alexsmobs:raccoon":1,"minecraft:phantom":1,"alexsmobs:guster":1,"betterendforge:end_slime":1}},"DataVersion":2586}