{
  "betterdungeons:root": {
    "criteria": {
      "always": "2021-12-19 22:14:38 +0300"
    },
    "done": true
  },
  "enigmaticlegacy:recipes/generic/the_acknowledgment": {
    "criteria": {
      "has_iron_ingot": "2021-12-19 22:14:37 +0300"
    },
    "done": true
  },
  "create:root": {
    "criteria": {
      "0": "2021-12-19 22:14:37 +0300"
    },
    "done": true
  },
  "iceandfire:iceandfire/root": {
    "criteria": {
      "tick": "2021-12-19 22:14:38 +0300"
    },
    "done": true
  },
  "sophisticatedbackpacks:recipes/sophisticatedbackpacks/advanced_feeding_upgrade": {
    "criteria": {
      "has_feeding_upgrade": "2021-12-19 22:29:48 +0300"
    },
    "done": true
  },
  "enigmaticlegacy:book/relics/cursed_ring": {
    "criteria": {
      "has_items": "2021-12-19 22:14:38 +0300"
    },
    "done": true
  },
  "enigmaticlegacy:main/root": {
    "criteria": {
      "flower": "2021-12-19 22:16:46 +0300"
    },
    "done": true
  },
  "apotheosis:spawner/root": {
    "criteria": {
      "game_start": "2021-12-19 22:14:38 +0300"
    },
    "done": true
  },
  "sophisticatedbackpacks:recipes/sophisticatedbackpacks/iron_backpack": {
    "criteria": {
      "has_backpack": "2021-12-19 22:29:35 +0300"
    },
    "done": true
  },
  "mowziesmobs:root": {
    "criteria": {
      "custom_test_name": "2021-12-19 22:14:38 +0300"
    },
    "done": true
  },
  "enigmaticlegacy:recipes/generic/the_twist": {
    "criteria": {
      "has_parent_recipe": "2021-12-19 22:14:37 +0300"
    },
    "done": false
  },
  "enigmaticlegacy:book/relics/enigmatic_amulet": {
    "criteria": {
      "has_items": "2021-12-19 22:16:46 +0300"
    },
    "done": true
  },
  "repurposed_structures:root": {
    "criteria": {
      "always": "2021-12-19 22:14:38 +0300"
    },
    "done": true
  },
  "DataVersion": 2586
}