{"stats":{"minecraft:picked_up":{"minecraft:feather":1,"appliedenergistics2:calculation_processor_press":1,"sophisticatedbackpacks:tool_swapper_upgrade":1,"sophisticatedbackpacks:pump_upgrade":1,"sophisticatedbackpacks:compacting_upgrade":1,"sophisticatedbackpacks:battery_upgrade":1,"sophisticatedbackpacks:magnet_upgrade":1,"sophisticatedbackpacks:void_upgrade":1,"sophisticatedbackpacks:inception_upgrade":1,"createaddition:furnace_burner":1,"alexsmobs:spawn_egg_warped_toad":1,"appliedenergistics2:nether_quartz_seed":1,"evilcraft:promise_tier_3":1,"appliedenergistics2:certus_crystal_seed":1,"appliedenergistics2:1k_storage_cell":1,"sophisticatedbackpacks:smelting_upgrade":1,"sophisticatedbackpacks:tank_upgrade":1,"minecraft:phantom_membrane":1,"sophisticatedbackpacks:restock_upgrade":1,"sophisticatedbackpacks:crafting_upgrade":1,"evilcraft:weather_container":3,"sophisticatedbackpacks:deposit_upgrade":1,"sophisticatedbackpacks:stonecutter_upgrade":1,"minecraft:sand":1,"appliedenergistics2:engineering_processor":1,"appliedenergistics2:fluix_crystal_seed":1,"sophisticatedbackpacks:stack_upgrade_tier_1":1,"sophisticatedbackpacks:jukebox_upgrade":1,"minecraft:redstone":1,"sophisticatedbackpacks:everlasting_upgrade":1,"byg:brown_zelkova_sapling":1,"calemiutils:trading_post":1,"sophisticatedbackpacks:pickup_upgrade":1,"minecraft:arrow":1,"minecraft:slime_ball":54,"sophisticatedbackpacks:filter_upgrade":1,"minecraft:iron_block":1,"iceandfire:silver_sword":1,"sophisticatedbackpacks:refill_upgrade":1,"simplefarming:strawberries":2,"sophisticatedbackpacks:feeding_upgrade":1},"minecraft:custom":{"minecraft:interact_with_anvil":7,"minecraft:mob_kills":4,"minecraft:play_one_minute":334792,"minecraft:leave_game":12,"minecraft:time_since_death":334792,"minecraft:time_since_rest":334792,"minecraft:waystone_activated":1,"minecraft:sprint_one_cm":3353,"minecraft:damage_taken":40,"minecraft:walk_one_cm":105073,"minecraft:drop":48,"minecraft:damage_dealt":621,"minecraft:fly_one_cm":460696,"minecraft:open_chest":30,"minecraft:crouch_one_cm":1142,"minecraft:sneak_time":1336,"minecraft:walk_under_water_one_cm":8028,"minecraft:jump":232,"minecraft:walk_on_water_one_cm":1536},"minecraft:used":{"minecraft:spider_spawn_egg":1,"ironchest:wood_to_iron_chest_upgrade":1,"alexsmobs:spawn_egg_soul_vulture":1,"evilcraft:environmental_accumulator":2,"create:deployer":5,"ars_nouveau:wilden_stalker_se":1,"ironchest:silver_to_gold_chest_upgrade":1,"alexsmobs:spawn_egg_warped_toad":1,"appliedenergistics2:inscriber":2,"minecraft:chest":14,"ars_nouveau:ritual_cloudshaping":5,"minecraft:vex_spawn_egg":1,"ironchest:wood_to_copper_chest_upgrade":1,"createaddition:crude_burner":1,"minecraft:anvil":1,"minecraft:stray_spawn_egg":1,"ars_nouveau:ritual":1,"minecraft:strider_spawn_egg":1,"minecraft:phantom_spawn_egg":2,"byg:azalea":1,"ars_nouveau:carbuncle_se":1,"appliedenergistics2:quantum_link":1,"alexsmobs:spawn_egg_guster":1,"alexsmobs:spawn_egg_centipede":1,"minecraft:obsidian":1,"botania:mana_fluxfield":4,"alexsmobs:spawn_egg_komodo_dragon":1,"evilcraft:sanguinary_environmental_accumulator":2,"waystones:waystone":1,"createaddition:alternator":5,"minecraft:ravager_spawn_egg":1,"alexsmobs:spawn_egg_mungus":1,"betterendforge:spawn_egg_end_slime":1,"appliedenergistics2:energy_acceptor":1,"create:mechanical_press":7,"ironchest:copper_to_silver_chest_upgrade":1,"appliedenergistics2:quartz_fixture":1,"minecraft:pig_spawn_egg":1,"twilightforest:maze_slime_spawn_egg":3,"appliedenergistics2:wireless_access_point":1,"appliedenergistics2:crank":1,"create:creative_motor":12,"minecraft:cat_spawn_egg":10,"ironchest:iron_to_gold_chest_upgrade":1,"minecraft:piglin_brute_spawn_egg":1,"create:andesite_funnel":5,"minecraft:slime_spawn_egg":3,"minecraft:blaze_spawn_egg":1,"appliedenergistics2:chest":3,"evilcraft:dark_tank":8,"appliedenergistics2:grindstone":1,"create:shaft":24,"alexsmobs:spawn_egg_shoebill":4,"calemiutils:trading_post":2,"minecraft:lapis_block":1,"alexsmobs:spawn_egg_roadrunner":1,"alexsmobs:spawn_egg_spectre":1,"minecraft:husk_spawn_egg":1,"calemiutils:bank":1,"create:belt_connector":6},"minecraft:dropped":{"sophisticatedbackpacks:restock_upgrade":1,"appliedenergistics2:engineering_processor":1,"sophisticatedbackpacks:feeding_upgrade":1,"sophisticatedbackpacks:inception_upgrade":1,"sophisticatedbackpacks:stack_upgrade_tier_1":1,"sophisticatedbackpacks:filter_upgrade":1,"minecraft:diamond_hoe":1,"calemiutils:trading_post":1,"alexsmobs:spawn_egg_warped_toad":1,"sophisticatedbackpacks:deposit_upgrade":1,"sophisticatedbackpacks:stonecutter_upgrade":1,"enigmaticlegacy:cursed_ring":1,"sophisticatedbackpacks:smelting_upgrade":1,"calemiutils:wallet":1,"sophisticatedbackpacks:void_upgrade":1,"create:creative_motor":1,"iceandfire:silver_sword":1,"sophisticatedbackpacks:magnet_upgrade":1,"byg:azalea":1,"sophisticatedbackpacks:refill_upgrade":1,"simplefarming:strawberries":2,"minecraft:spruce_wood":1,"sophisticatedbackpacks:pump_upgrade":1,"theoneprobe:probenote":1,"minecraft:cat_spawn_egg":1,"sophisticatedbackpacks:tool_swapper_upgrade":1,"appliedenergistics2:silicon":6,"minecraft:arrow":1,"sophisticatedbackpacks:battery_upgrade":1,"createaddition:rolling_mill":64,"sophisticatedbackpacks:everlasting_upgrade":1,"sophisticatedbackpacks:compacting_upgrade":1,"sophisticatedbackpacks:crafting_upgrade":1,"sophisticatedbackpacks:jukebox_upgrade":1,"enigmaticlegacy:enigmatic_amulet":1,"evilcraft:weather_container":2,"minecraft:lapis_block":3,"sophisticatedbackpacks:tank_upgrade":1,"sophisticatedbackpacks:pickup_upgrade":1},"minecraft:killed":{"alexsmobs:guster":1,"alexsmobs:raccoon":1,"betterendforge:end_slime":1,"minecraft:phantom":1}},"DataVersion":2586}